PID,PowerCap,Time,Power (W),Temperature (C),Energy (J),GPU Utilization (%),Memory Utilization (%),Frequency,PCIe TX (KB/s),PCIe RX (KB/s)
14.0,100000,1740631335.2305298,79.009,72,0.0816800000000057,100.0,18.0,1425,53.3203125,149.21875
14.0,100000,1740631336.3031414,99.483,73,0.1896460000000388,100.0,18.0,1350,58.154296875,151.123046875
14.0,100000,1740631337.3659065,100.197,73,0.2889760000000478,100.0,17.0,1320,42.333984375,148.92578125
14.0,100000,1740631338.4297657,100.095,73,0.397905000000037,100.0,17.0,1305,43.310546875,147.607421875
14.0,100000,1740631339.4950273,99.786,73,0.5062950000001365,100.0,17.0,1305,45.60546875,148.14453125
14.0,100000,1740631340.5624611,99.758,73,0.6046810000000278,100.0,17.0,1320,43.45703125,148.828125
14.0,100000,1740631341.6279511,99.865,73,0.713809000000083,100.0,20.0,1305,45.60546875,148.291015625
14.0,100000,1740631342.6952996,99.872,73,0.8224549999999908,100.0,19.0,1305,48.681640625,148.14453125
14.0,100000,1740631343.7644577,99.871,74,0.920421000000033,100.0,19.0,1335,40.8203125,154.736328125
14.0,100000,1740631344.8327825,99.881,74,1.0295180000000528,100.0,19.0,1290,54.1015625,148.53515625
14.0,100000,1740631345.8977523,99.883,74,1.1376130000001012,100.0,19.0,1305,37.353515625,148.92578125
14.0,100000,1740631346.9600532,99.932,74,1.2369750000000297,100.0,19.0,1320,37.548828125,148.14453125
14.0,100000,1740631348.0251348,99.918,74,1.3461680000000342,100.0,19.0,1305,44.04296875,148.2421875
14.0,100000,1740631349.0921905,99.904,75,1.454874000000018,100.0,20.0,1305,48.291015625,148.2421875
14.0,100000,1740631350.162032,99.903,75,1.5532240000000002,100.0,19.0,1305,44.921875,149.21875
14.0,100000,1740631351.2248063,99.902,75,1.6623610000001463,100.0,17.0,1320,44.580078125,148.193359375
14.0,100000,1740631352.2871022,99.949,75,1.770823000000064,100.0,17.0,1275,47.998046875,122.8515625
14.0,100000,1740631353.34907,99.745,75,1.8697870000000876,100.0,17.0,1260,43.603515625,148.193359375
14.0,100000,1740631354.413297,99.72,75,1.9777540000000045,100.0,16.0,1290,35.44921875,149.462890625
14.0,100000,1740631355.476106,99.75,75,2.087007999999969,100.0,16.0,1260,35.64453125,149.12109375
14.0,100000,1740631356.540636,99.816,75,2.1866070000000946,100.0,19.0,1290,39.697265625,148.73046875
14.0,100000,1740631357.606298,99.806,75,2.2953939999999875,100.0,19.0,1305,46.09375,148.6328125
14.0,100000,1740631358.67319,99.882,76,2.39369099999999,100.0,19.0,1305,46.923828125,148.2421875
14.0,100000,1740631359.7386467,99.981,76,2.493499000000156,100.0,19.0,1305,45.068359375,148.14453125
14.0,100000,1740631360.8019545,99.956,76,2.6025170000000344,100.0,19.0,1260,53.466796875,127.44140625
14.0,100000,1740631361.8654933,99.949,76,2.7012050000000727,100.0,19.0,1275,43.408203125,148.92578125
14.0,100000,1740631362.9445405,99.923,76,2.809858000000077,100.0,20.0,1275,58.837890625,148.4375
14.0,100000,1740631364.0065856,99.888,76,2.9177240000001348,100.0,19.0,1275,38.427734375,148.73046875
14.0,100000,1740631365.0720437,99.855,76,3.025759999999991,100.0,19.0,1290,39.306640625,148.876953125
14.0,100000,1740631366.1386106,99.887,76,3.1253730000000814,100.0,19.0,1290,44.921875,148.6328125
14.0,100000,1740631367.2033224,99.878,76,3.2338660000000345,100.0,17.0,1320,44.43359375,149.365234375
14.0,100000,1740631368.2729824,99.776,77,3.3321750000000065,100.0,17.0,1275,45.263671875,148.828125
14.0,100000,1740631369.3342054,99.748,77,3.431874999999991,100.0,16.0,1245,38.720703125,158.642578125
14.0,100000,1740631370.399022,99.76,76,3.540707999999995,100.0,19.0,1230,40.4296875,148.33984375
14.0,100000,1740631371.4578571,99.714,77,3.6395179999999527,100.0,19.0,1260,37.841796875,148.681640625
14.0,100000,1740631372.5225303,99.706,77,3.7480480000001535,100.0,18.0,1275,44.62890625,148.193359375
14.0,100000,1740631373.6014123,99.905,77,3.856224999999995,100.0,19.0,1290,59.9609375,149.70703125
14.0,100000,1740631374.6673994,99.906,77,3.9545000000000528,100.0,19.0,1290,38.18359375,149.51171875
14.0,100000,1740631375.734914,99.955,77,4.054178999999976,100.0,19.0,1290,44.04296875,149.169921875
14.0,100000,1740631376.8015983,99.922,77,4.162992000000031,100.0,19.0,1260,46.2890625,149.853515625
14.0,100000,1740631377.8646262,99.938,77,4.261297000000013,100.0,19.0,1275,43.359375,148.14453125
14.0,100000,1740631378.9442737,99.914,77,4.360972000000174,100.0,19.0,1275,58.59375,148.486328125
14.0,100000,1740631380.0205617,99.931,77,4.470339000000195,100.0,19.0,1275,57.32421875,148.92578125
14.0,100000,1740631381.0861893,99.769,77,4.578338000000031,100.0,17.0,1380,39.16015625,149.31640625
14.0,100000,1740631382.1498282,99.94,77,4.677801000000045,100.0,17.0,1320,38.623046875,149.31640625
14.0,100000,1740631383.212279,99.897,77,4.786942000000181,100.0,17.0,1230,42.48046875,147.94921875
14.0,100000,1740631384.270929,99.889,77,4.895432000000028,100.0,17.0,1230,45.5078125,106.396484375
14.0,100000,1740631385.332755,99.624,77,4.994824999999992,100.0,18.0,1215,37.451171875,162.20703125
14.0,100000,1740631386.3965442,99.749,77,5.10334499999999,100.0,18.0,1245,43.115234375,147.607421875
14.0,100000,1740631387.4586706,99.752,77,5.201681000000008,100.0,18.0,1260,38.671875,148.046875
14.0,100000,1740631388.5224645,99.796,77,5.310154000000011,100.0,19.0,1275,35.25390625,148.828125
14.0,100000,1740631389.5850172,99.828,77,5.4190360000000055,100.0,19.0,1290,36.03515625,149.169921875
14.0,100000,1740631390.6488717,99.921,77,5.518257000000176,100.0,19.0,1275,40.966796875,148.92578125
14.0,100000,1740631391.8164237,94.039,73,5.619348000000173,97.0,18.0,2355,0.1953125,1.416015625
17.0,115000,1740633608.6181166,75.114,72,0.0795600000001286,100.0,95.0,1980,46.58203125,137.20703125
17.0,115000,1740633609.6827755,112.927,73,0.1915930000000116,100.0,97.0,2175,41.40625,136.767578125
17.0,115000,1740633610.7544742,113.328,73,0.3138490000001184,100.0,96.0,2160,38.232421875,141.259765625
17.0,115000,1740633611.814685,112.16,73,0.4249600000000555,100.0,97.0,2160,38.96484375,129.736328125
17.0,115000,1740633612.8775656,111.152,73,0.536200000000008,100.0,97.0,2085,36.5234375,139.794921875
17.0,115000,1740633613.9418373,111.256,75,0.656977999999981,100.0,96.0,2250,39.404296875,142.529296875
17.0,115000,1740633615.0228455,111.452,75,0.77737900000011,100.0,97.0,2250,54.58984375,143.1640625
17.0,115000,1740633616.09972,112.06,75,0.8887780000000021,100.0,96.0,2220,53.515625,142.431640625
17.0,115000,1740633617.1799204,111.712,75,1.0096340000000057,100.0,95.0,2190,56.591796875,137.5
17.0,115000,1740633618.2501628,111.452,76,1.1302180000000135,100.0,96.0,2205,37.6953125,139.2578125
17.0,115000,1740633619.3148396,111.002,76,1.2515760000001137,100.0,96.0,1905,35.791015625,152.392578125
17.0,115000,1740633620.377658,111.429,75,1.3621310000000904,100.0,96.0,2100,35.9375,135.595703125
17.0,115000,1740633621.441301,111.802,75,1.4831860000001598,100.0,97.0,2100,37.451171875,137.548828125
17.0,115000,1740633622.5219643,111.616,75,1.6038390000001073,100.0,96.0,2025,52.587890625,137.939453125
17.0,115000,1740633623.5980835,111.757,75,1.7146430000000237,100.0,96.0,2115,56.005859375,136.376953125
17.0,115000,1740633624.6637452,111.756,77,1.835841000000073,100.0,94.0,2145,33.544921875,136.669921875
17.0,115000,1740633625.7423968,111.627,76,1.9581160000000184,100.0,96.0,2070,56.640625,140.72265625
17.0,115000,1740633626.8141909,111.661,76,2.079973999999993,100.0,98.0,2295,40.087890625,156.396484375
17.0,115000,1740633627.8781853,112.067,77,2.1916380000000117,100.0,96.0,2190,38.0859375,145.21484375
17.0,115000,1740633628.9576912,111.863,77,2.3124760000000606,100.0,96.0,2190,56.8359375,145.41015625
17.0,115000,1740633630.0208485,110.931,76,2.4325699999999415,100.0,94.0,1995,32.51953125,138.96484375
17.0,115000,1740633631.1007807,111.656,76,2.5440929999999753,100.0,95.0,2145,55.6640625,137.353515625
17.0,115000,1740633632.1871293,111.237,76,2.6656500000001415,100.0,96.0,2175,54.4921875,135.693359375
17.0,115000,1740633633.2478502,111.769,76,2.7877730000000156,100.0,98.0,2085,34.814453125,137.548828125
17.0,115000,1740633634.312739,111.994,77,2.910174999999981,100.0,95.0,2190,58.056640625,145.1171875
17.0,115000,1740633635.379748,111.375,77,3.020618000000013,100.0,94.0,2070,39.794921875,152.001953125
17.0,115000,1740633636.4466057,112.032,78,3.142876000000115,100.0,96.0,2100,33.203125,160.791015625
17.0,115000,1740633637.5129447,111.472,78,3.2648280000000796,100.0,96.0,2100,42.333984375,137.646484375
17.0,115000,1740633638.5788338,111.849,78,3.3755109999999604,100.0,97.0,2100,34.326171875,135.302734375
17.0,115000,1740633639.645555,111.974,78,3.4981290000000627,100.0,97.0,2115,38.28125,136.083984375
17.0,115000,1740633640.7138422,110.452,79,3.618064000000004,92.0,84.0,2145,42.529296875,146.044921875
17.0,115000,1740633641.7841449,111.889,78,3.729070000000093,100.0,97.0,2190,32.568359375,163.916015625
17.0,115000,1740633642.8464603,111.476,79,3.851710000000139,100.0,96.0,2070,41.015625,138.57421875
17.0,115000,1740633643.9103742,111.989,78,3.973514000000023,100.0,95.0,2130,39.55078125,136.669921875
17.0,115000,1740633644.977419,111.437,78,4.0840220000000045,100.0,95.0,2130,37.060546875,136.279296875
17.0,115000,1740633646.043994,111.055,78,4.20592600000009,99.0,93.0,1935,38.76953125,138.18359375
17.0,115000,1740633647.1110432,111.841,78,4.327541999999994,100.0,96.0,2235,44.3359375,141.69921875
17.0,115000,1740633648.1766937,112.231,78,4.4389830000000075,100.0,97.0,2250,35.498046875,143.1640625
17.0,115000,1740633649.2424204,111.413,79,4.561081999999942,100.0,95.0,2100,37.255859375,141.40625
17.0,115000,1740633650.313775,111.672,78,4.682949000000008,100.0,95.0,2115,55.37109375,159.912109375
11.0,85000,1740636553.1429777,69.99,69,0.0719209999999748,100.0,68.0,1530,54.78515625,152.44140625
11.0,85000,1740636554.2113705,85.159,69,0.1557239999999637,100.0,66.0,1290,49.951171875,154.931640625
11.0,85000,1740636555.2690086,85.073,69,0.2486030000000028,100.0,68.0,1275,35.15625,114.208984375
11.0,85000,1740636556.3470588,84.853,69,0.3402609999998276,100.0,66.0,1215,59.912109375,153.173828125
11.0,85000,1740636557.4132257,84.665,70,0.4236570000000483,100.0,63.0,1290,37.40234375,153.7109375
11.0,85000,1740636558.4765737,84.506,69,0.5157179999998789,100.0,84.0,1335,33.203125,137.841796875
11.0,85000,1740636559.545542,84.467,70,0.6079999999999472,100.0,86.0,1440,43.1640625,138.96484375
11.0,85000,1740636560.6072035,84.507,69,0.6914070000000265,100.0,88.0,1650,36.81640625,141.943359375
11.0,85000,1740636561.6754794,84.343,70,0.7823300000000017,100.0,85.0,1560,33.984375,140.72265625
11.0,85000,1740636562.7407436,84.487,70,0.874225000000024,100.0,88.0,1545,39.794921875,138.671875
11.0,85000,1740636563.800737,84.321,70,0.9573949999999058,100.0,88.0,1605,45.263671875,102.978515625
11.0,85000,1740636564.8640356,84.814,70,1.0497709999999645,100.0,62.0,1470,42.919921875,154.00390625
11.0,85000,1740636565.9437318,84.921,71,1.141986999999972,100.0,62.0,1335,60.302734375,152.783203125
11.0,85000,1740636567.020784,85.082,70,1.2254060000000209,100.0,64.0,1410,56.34765625,153.759765625
11.0,85000,1740636568.093415,84.971,71,1.3175770000000284,100.0,65.0,1365,41.796875,153.271484375
11.0,85000,1740636569.1543412,85.0,71,1.410415999999941,100.0,64.0,1350,40.576171875,170.5078125
11.0,85000,1740636570.2212112,84.509,71,1.5026809999999386,100.0,87.0,1200,42.236328125,135.986328125
11.0,85000,1740636571.2856128,84.576,70,1.5867849999999637,100.0,91.0,1515,33.935546875,127.1484375
11.0,85000,1740636572.349049,84.355,70,1.6782779999998638,100.0,85.0,1530,36.083984375,138.28125
11.0,85000,1740636573.412453,84.291,70,1.7618519999998623,100.0,86.0,1515,35.7421875,138.18359375
11.0,85000,1740636574.475375,84.444,71,1.8539839999998549,100.0,87.0,1455,37.98828125,137.79296875
11.0,85000,1740636575.536161,84.551,71,1.9460589999998776,100.0,89.0,1365,37.6953125,153.515625
11.0,85000,1740636576.6037714,85.288,71,2.0298549999999977,100.0,66.0,1395,47.119140625,155.078125
11.0,85000,1740636577.668373,85.03,72,2.1228830000000016,100.0,66.0,1380,34.033203125,155.029296875
11.0,85000,1740636578.7349858,84.977,72,2.2156009999998787,100.0,65.0,1380,45.703125,155.322265625
11.0,85000,1740636579.8005505,84.891,71,2.2994109999999637,100.0,64.0,1410,60.05859375,143.06640625
11.0,85000,1740636580.8638942,84.892,71,2.3912840000000415,100.0,65.0,2190,28.90625,14137.451171875
11.0,85000,1740636581.92845,84.374,71,2.482862999999952,100.0,85.0,1560,32.71484375,136.865234375
11.0,85000,1740636582.9938543,84.437,72,2.5664480000000367,100.0,82.0,1500,35.986328125,139.501953125
11.0,85000,1740636584.0536523,84.527,72,2.658533999999918,100.0,89.0,1365,35.986328125,134.47265625
11.0,85000,1740636585.1180043,84.501,71,2.7504529999998795,100.0,86.0,1665,42.3828125,142.822265625
11.0,85000,1740636586.1834905,84.563,71,2.834963000000016,100.0,87.0,1680,34.08203125,144.970703125
11.0,85000,1740636587.250445,84.998,72,2.9274109999998927,100.0,64.0,1380,41.40625,152.587890625
11.0,85000,1740636588.3167307,84.907,72,3.019896000000017,100.0,64.0,1410,41.69921875,171.38671875
11.0,85000,1740636589.3827152,84.968,72,3.1045480000000225,100.0,64.0,1380,38.76953125,155.029296875
11.0,85000,1740636590.458949,84.965,72,3.1974749999999403,100.0,65.0,1350,59.86328125,152.783203125
11.0,85000,1740636591.5449047,84.982,72,3.290328999999929,100.0,65.0,1350,60.15625,153.662109375
11.0,85000,1740636592.6034074,84.754,72,3.37294699999984,94.0,74.0,1260,32.275390625,137.646484375
11.0,85000,1740636593.6652358,84.538,71,3.4652849999999944,100.0,90.0,1485,35.05859375,136.669921875
11.0,85000,1740636594.73488,84.589,72,3.557506999999987,100.0,85.0,1320,48.14453125,136.083984375
11.0,85000,1740636595.8156958,84.62,72,3.649054999999862,100.0,87.0,1380,75.146484375,132.275390625
11.0,85000,1740636596.8793378,84.311,72,3.733036999999967,100.0,85.0,1365,34.619140625,141.9921875
11.0,85000,1740636597.9427989,84.413,72,3.82549199999994,100.0,89.0,1605,33.056640625,144.3359375
11.0,85000,1740636599.007176,84.922,72,3.9098050000000057,100.0,62.0,1260,42.919921875,152.978515625
11.0,85000,1740636600.0712168,84.901,72,4.002072999999882,100.0,63.0,1320,37.646484375,151.123046875
11.0,85000,1740636601.1322896,84.901,72,4.094137000000046,100.0,63.0,1320,40.771484375,152.685546875
11.0,85000,1740636602.2120292,84.853,72,4.185970999999881,100.0,63.0,1335,61.62109375,152.978515625
11.0,85000,1740636603.2790923,84.9,72,4.270610999999917,100.0,64.0,1365,35.498046875,171.142578125
11.0,85000,1740636604.3487866,84.73,72,4.363822999999911,97.0,78.0,1365,47.55859375,149.0234375
11.0,85000,1740636605.427255,84.653,72,4.455678999999918,100.0,88.0,1410,53.3203125,141.259765625
11.0,85000,1740636606.492084,84.647,72,4.538990999999896,100.0,87.0,1200,39.208984375,139.0625
11.0,85000,1740636607.5726314,84.7,72,4.629856000000018,100.0,85.0,1515,51.5625,140.13671875
11.0,85000,1740636608.6606643,84.521,73,4.722526000000016,100.0,85.0,1515,53.466796875,134.27734375
11.0,85000,1740636609.731509,84.325,72,4.8132409999998345,100.0,83.0,1590,48.4375,151.171875
11.0,85000,1740636610.7996347,84.995,73,4.89774199999988,100.0,62.0,1335,40.13671875,153.271484375
11.0,85000,1740636611.8646915,84.919,72,4.990505999999868,100.0,63.0,1350,43.9453125,150.29296875
11.0,85000,1740636612.9297285,84.94,73,5.082785999999942,100.0,63.0,1365,36.328125,171.6796875
11.0,85000,1740636613.9968767,84.953,73,5.165810999999849,100.0,65.0,1350,37.939453125,149.072265625
11.0,85000,1740636615.0643182,84.967,73,5.258607999999867,100.0,64.0,1350,48.046875,153.759765625
11.0,85000,1740636616.13069,84.775,73,5.3503639999998995,100.0,80.0,1125,42.724609375,134.86328125
11.0,85000,1740636617.1965322,84.403,72,5.434027999999898,100.0,83.0,1530,35.595703125,137.744140625
11.0,85000,1740636618.2662387,84.473,72,5.526411000000053,100.0,84.0,1635,45.458984375,141.943359375
11.0,85000,1740636619.3305,84.53,72,5.617905999999948,100.0,88.0,1620,32.03125,146.2890625
11.0,85000,1740636620.3989162,84.533,73,5.701951000000008,100.0,89.0,1485,34.1796875,140.72265625
11.0,85000,1740636621.461048,84.413,73,5.7941789999999855,100.0,87.0,1620,39.0625,136.767578125
11.0,85000,1740636622.527171,84.826,73,5.886250000000018,100.0,62.0,1380,44.091796875,152.05078125
11.0,85000,1740636623.5946622,84.943,73,5.9707089999999425,100.0,63.0,1365,37.060546875,153.271484375
11.0,85000,1740636624.6605685,84.899,73,6.063527999999906,100.0,63.0,1365,45.21484375,154.58984375
11.0,85000,1740636625.7263684,84.95,73,6.155718999999863,100.0,64.0,1380,43.75,152.05078125
11.0,85000,1740636626.784737,84.96,73,6.240195999999969,100.0,65.0,1395,36.5234375,115.966796875
11.0,85000,1740636627.8649652,84.619,73,6.331739999999854,100.0,80.0,1305,59.423828125,139.0625
11.0,85000,1740636628.9422023,84.74,72,6.424160000000029,100.0,82.0,1470,48.4375,138.525390625
11.0,85000,1740636630.0111184,84.654,73,6.5158859999999095,100.0,87.0,1395,39.0625,138.037109375
11.0,85000,1740636631.0748324,84.382,73,6.599476999999979,100.0,86.0,1365,39.2578125,140.13671875
11.0,85000,1740636632.1413126,84.403,73,6.691393999999946,100.0,89.0,1620,40.8203125,142.919921875
11.0,85000,1740636633.207115,84.499,73,6.782935999999836,100.0,88.0,1605,44.677734375,141.89453125
11.0,85000,1740636634.2759311,84.928,73,6.8677000000000135,100.0,62.0,1440,42.87109375,169.873046875
11.0,85000,1740636635.3467028,85.04,73,6.9601880000000165,100.0,63.0,1335,57.6171875,152.490234375
11.0,85000,1740636636.410823,84.986,73,7.0532989999999245,100.0,63.0,1305,40.91796875,154.39453125
11.0,85000,1740636637.4747596,84.922,73,7.137354999999843,100.0,63.0,1335,42.3828125,154.6875
11.0,85000,1740636638.5406804,84.911,73,7.229720000000043,100.0,64.0,1350,45.1171875,170.60546875
11.0,85000,1740636639.6057315,84.601,73,7.321026999999958,100.0,86.0,1095,33.642578125,138.671875
11.0,85000,1740636640.671913,84.535,73,7.405027000000018,100.0,89.0,1365,37.939453125,136.767578125
11.0,85000,1740636641.7403324,84.551,73,7.49675000000002,100.0,87.0,1410,46.97265625,136.1328125
11.0,85000,1740636642.8151045,84.353,73,7.587726999999859,100.0,89.0,1305,42.822265625,149.755859375
11.0,85000,1740636643.8794408,84.303,73,7.670935999999983,100.0,83.0,1380,38.57421875,142.96875
12.0,90000,1740641318.2384584,71.779,71,0.0747409999999035,100.0,2.0,1485,37.646484375,150.732421875
12.0,90000,1740641319.311983,90.226,71,0.1641779999999926,100.0,14.000000000000002,1215,56.396484375,149.4140625
12.0,90000,1740641320.3862016,90.183,71,0.2617519999998876,100.0,15.0,1140,47.216796875,146.6796875
12.0,90000,1740641321.4568243,89.988,71,0.3595339999999396,100.0,13.0,1125,57.861328125,147.509765625
12.0,90000,1740641322.527103,89.826,71,0.4577970000000277,100.0,14.000000000000002,1110,52.24609375,147.900390625
12.0,90000,1740641323.59838,89.594,73,0.5470029999999042,100.0,0.0,1425,56.689453125,149.609375
12.0,90000,1740641324.6703784,89.88,72,0.6454329999999118,100.0,13.0,1155,56.0546875,147.509765625
12.0,90000,1740641325.7453003,87.196,70,0.7396499999999833,100.0,88.0,1530,47.900390625,137.20703125
12.0,90000,1740641326.8081963,89.597,69,0.8280859999999848,100.0,88.0,1650,37.6953125,136.572265625
12.0,90000,1740641327.874308,89.844,71,0.925309999999854,100.0,91.0,1695,41.9921875,135.05859375
12.0,90000,1740641328.9396472,89.175,70,1.0232359999999971,100.0,92.0,1755,33.935546875,150.830078125
12.0,90000,1740641330.0008988,89.65,71,1.1118280000000595,100.0,89.0,1650,35.205078125,151.123046875
12.0,90000,1740641331.0638278,89.593,70,1.209086999999954,100.0,92.0,1035,40.91796875,161.767578125
12.0,90000,1740641332.136462,90.017,72,1.3069809999999509,100.0,16.0,1125,57.861328125,156.4453125
12.0,90000,1740641333.2088442,89.733,73,1.3959729999999126,100.0,17.0,1050,62.3046875,147.412109375
12.0,90000,1740641334.2814138,89.86,73,1.4932389999999032,100.0,17.0,1065,54.296875,148.388671875
12.0,90000,1740641335.3535852,89.743,73,1.590689999999995,100.0,16.0,1065,62.158203125,147.75390625
12.0,90000,1740641336.4239006,89.692,73,1.6889710000000375,100.0,16.0,1080,49.072265625,147.216796875
12.0,90000,1740641337.4944754,89.863,73,1.7781139999999596,100.0,16.0,1080,53.22265625,146.826171875
12.0,90000,1740641338.564087,89.912,73,1.876359999999977,100.0,16.0,1095,50.9765625,147.55859375
12.0,90000,1740641339.6349585,85.59,71,1.96898699999997,52.0,26.0,1560,49.267578125,137.01171875
12.0,90000,1740641340.7004173,89.531,71,2.057990000000018,100.0,86.0,1620,41.015625,139.6484375
12.0,90000,1740641341.7669084,89.671,71,2.155363999999963,100.0,87.0,1650,40.52734375,135.9375
12.0,90000,1740641342.8338273,89.551,72,2.252140000000054,100.0,88.0,1515,35.25390625,138.18359375
12.0,90000,1740641343.898519,89.519,72,2.3409679999999753,100.0,90.0,1635,40.234375,143.896484375
12.0,90000,1740641344.9604795,89.443,72,2.438329999999951,100.0,91.0,1830,35.15625,143.45703125
12.0,90000,1740641346.0354047,89.848,73,2.535617000000002,100.0,16.0,1065,59.9609375,147.314453125
12.0,90000,1740641347.1074204,89.816,73,2.624560999999858,100.0,16.0,1110,56.15234375,147.314453125
12.0,90000,1740641348.178697,89.724,74,2.722870000000057,100.0,17.0,1110,49.8046875,146.337890625
12.0,90000,1740641349.2521164,89.948,74,2.820502999999917,100.0,17.0,1110,58.349609375,147.0703125
12.0,90000,1740641350.326293,89.911,74,2.9186019999999644,100.0,16.0,1110,60.107421875,146.728515625
12.0,90000,1740641351.3985016,89.799,74,3.0079719999998815,100.0,17.0,1110,48.876953125,147.802734375
12.0,90000,1740641352.4709754,89.921,74,3.105575999999928,100.0,17.0,1095,55.95703125,147.021484375
12.0,90000,1740641353.5447,89.829,74,3.2036679999998796,100.0,16.0,1095,58.984375,146.923828125
12.0,90000,1740641354.6204314,88.578,72,3.3009259999998903,100.0,88.0,1320,53.515625,136.962890625
12.0,90000,1740641355.6980107,89.249,72,3.3893699999998717,100.0,91.0,1635,53.564453125,133.349609375
12.0,90000,1740641356.7641702,89.356,72,3.4861949999999524,100.0,88.0,1605,40.13671875,140.478515625
12.0,90000,1740641357.8425388,89.169,72,3.5839739999998983,100.0,89.0,1590,53.271484375,143.65234375
12.0,90000,1740641358.9260864,89.631,72,3.6821350000000166,100.0,88.0,1605,56.494140625,138.57421875
12.0,90000,1740641360.002361,90.573,74,3.772261999999955,100.0,16.0,1095,60.009765625,146.044921875
12.0,90000,1740641361.075147,89.826,74,3.870613999999932,100.0,17.0,1095,47.265625,147.119140625
12.0,90000,1740641362.1479454,89.825,74,3.968184999999949,100.0,17.0,1095,56.396484375,147.216796875
12.0,90000,1740641363.2205963,89.887,74,4.06633799999986,100.0,16.0,1095,57.568359375,146.826171875
12.0,90000,1740641364.29291,89.844,75,4.1557359999999335,100.0,17.0,1110,49.90234375,146.826171875
12.0,90000,1740641365.3656836,89.839,75,4.253416999999899,100.0,17.0,1125,58.59375,145.703125
12.0,90000,1740641366.438949,89.934,75,4.351734999999962,100.0,16.0,1110,57.91015625,147.55859375
12.0,90000,1740641367.51247,89.92,75,4.448484000000008,100.0,17.0,1095,51.220703125,147.216796875
12.0,90000,1740641368.5857074,87.449,74,4.535094999999956,100.0,87.0,1560,53.857421875,136.474609375
12.0,90000,1740641369.6492934,89.394,73,4.632769000000053,100.0,92.0,1590,39.16015625,137.109375
12.0,90000,1740641370.7094724,89.511,72,4.730562999999847,100.0,88.0,1530,32.91015625,138.4765625
12.0,90000,1740641371.7697766,89.434,73,4.819254000000001,100.0,92.0,1650,33.349609375,138.57421875
12.0,90000,1740641372.8373137,89.503,73,4.916598000000022,100.0,89.0,1740,46.2890625,136.42578125
12.0,90000,1740641373.9132428,89.406,73,5.0129309999999805,100.0,92.0,1755,55.126953125,146.09375
12.0,90000,1740641374.9861498,90.104,75,5.102012999999943,100.0,16.0,1080,48.876953125,146.435546875
12.0,90000,1740641376.0576167,90.031,75,5.1999530000000505,100.0,16.0,1080,55.712890625,146.044921875
12.0,90000,1740641377.1296167,89.89,75,5.298301000000038,100.0,16.0,1095,51.07421875,146.728515625
12.0,90000,1740641378.2028985,89.876,75,5.395872000000054,100.0,16.0,1095,57.421875,146.728515625
12.0,90000,1740641379.2755475,89.833,75,5.4856009999998605,100.0,16.0,1095,57.763671875,146.97265625
12.0,90000,1740641380.351089,89.78,75,5.583950999999843,100.0,16.0,1110,54.00390625,160.9375
12.0,90000,1740641381.4218657,89.773,75,5.681446000000051,100.0,16.0,1110,55.078125,157.12890625
12.0,90000,1740641382.502492,87.139,74,5.767673000000059,100.0,12.0,1290,53.3203125,158.642578125
12.0,90000,1740641383.5636468,90.825,74,5.866831999999931,100.0,89.0,1440,35.791015625,134.765625
12.0,90000,1740641384.6284606,89.474,74,5.964351999999963,100.0,86.0,1590,54.443359375,136.1328125
12.0,90000,1740641385.7000935,89.418,73,6.052768000000015,100.0,89.0,1770,47.509765625,142.1875
12.0,90000,1740641386.7740865,89.536,73,6.149134000000004,100.0,88.0,1590,57.8125,137.060546875
12.0,90000,1740641387.8556397,89.671,73,6.247548000000052,100.0,91.0,1755,56.298828125,134.228515625
12.0,90000,1740641388.9296515,89.742,75,6.3458160000000134,100.0,16.0,1095,54.8828125,145.99609375
12.0,90000,1740641390.00119,89.895,75,6.443006999999852,100.0,16.0,1065,46.728515625,147.509765625
12.0,90000,1740641391.0748682,89.902,75,6.532678000000033,100.0,16.0,1095,59.130859375,146.58203125
12.0,90000,1740641392.148795,89.879,75,6.6309839999998985,100.0,16.0,1110,58.69140625,146.240234375
12.0,90000,1740641393.2211297,89.9,75,6.7282860000000255,100.0,16.0,1095,49.072265625,146.240234375
12.0,90000,1740641394.293321,89.924,75,6.817117999999937,100.0,16.0,1095,57.177734375,146.97265625
12.0,90000,1740641395.3648937,89.89,75,6.915446999999858,100.0,17.0,1095,52.34375,146.826171875
12.0,90000,1740641396.436385,89.944,75,7.012915000000021,100.0,16.0,1095,54.541015625,146.240234375
12.0,90000,1740641397.497618,87.04,74,7.108163999999988,100.0,91.0,1620,33.69140625,142.67578125
12.0,90000,1740641398.5653622,89.748,74,7.19739299999992,100.0,90.0,1605,40.72265625,144.04296875
12.0,90000,1740641399.6352532,89.562,73,7.294495999999981,100.0,88.0,1785,39.16015625,141.845703125
12.0,90000,1740641400.708805,89.57,73,7.391081999999869,100.0,89.0,1500,57.275390625,136.9140625
12.0,90000,1740641401.7884474,89.388,73,7.480000999999902,100.0,87.0,1725,55.37109375,137.841796875
12.0,90000,1740641402.867802,89.719,75,7.57821100000001,100.0,71.0,1140,55.126953125,147.55859375
12.0,90000,1740641403.9387512,89.324,75,7.675211999999874,100.0,3.0,1125,52.1484375,147.4609375
12.0,90000,1740641405.013116,89.821,76,7.772928999999976,100.0,14.000000000000002,1125,56.15234375,148.291015625
12.0,90000,1740641406.0829875,89.917,76,7.86228600000004,100.0,14.000000000000002,1110,56.0546875,147.900390625
12.0,90000,1740641407.1575918,89.907,76,7.959603999999899,100.0,14.000000000000002,1095,49.70703125,146.77734375
12.0,90000,1740641408.230273,89.839,76,8.057354999999916,100.0,14.000000000000002,1110,56.689453125,147.802734375
12.0,90000,1740641409.3025255,89.781,76,8.155782000000045,100.0,14.000000000000002,1110,56.201171875,147.802734375
12.0,90000,1740641410.3715422,89.815,76,8.244901999999911,100.0,14.000000000000002,1125,54.00390625,145.751953125
12.0,90000,1740641411.4310982,87.855,74,8.340979000000061,100.0,86.0,1605,32.6171875,140.673828125
12.0,90000,1740641412.4963648,89.316,74,8.438703000000032,100.0,93.0,1620,41.064453125,143.505859375
12.0,90000,1740641413.56187,89.518,74,8.527714999999944,100.0,88.0,1725,41.357421875,143.798828125
12.0,90000,1740641414.6397543,89.657,74,8.624170999999933,100.0,91.0,1605,56.396484375,136.71875
12.0,90000,1740641415.7183375,89.441,74,8.721170999999913,100.0,88.0,1605,53.076171875,137.890625
12.0,90000,1740641416.783463,89.498,75,8.80875100000003,100.0,88.0,1110,42.333984375,148.388671875
12.0,90000,1740641417.856941,90.154,75,8.9073699999999,100.0,17.0,1095,45.01953125,147.119140625
12.0,90000,1740641418.927575,89.864,75,9.004993000000013,100.0,17.0,1080,56.201171875,147.8515625
12.0,90000,1740641420.0007007,89.906,76,9.10319800000002,100.0,14.000000000000002,1125,54.58984375,147.0703125
12.0,90000,1740641421.07191,89.874,76,9.1921769999999,100.0,14.000000000000002,1110,54.345703125,146.6796875
12.0,90000,1740641422.1416783,89.872,76,9.289974999999911,100.0,14.000000000000002,1095,52.197265625,147.65625
12.0,90000,1740641423.2125628,89.855,76,9.388275999999903,100.0,14.000000000000002,1095,45.3125,146.77734375
12.0,90000,1740641424.2843318,89.776,76,9.476983000000018,100.0,14.000000000000002,1125,55.95703125,147.55859375
12.0,90000,1740641425.359212,87.967,74,9.573198999999931,100.0,89.0,1425,45.41015625,136.474609375
12.0,90000,1740641426.4267612,89.671,74,9.670261999999866,100.0,87.0,1620,35.205078125,138.37890625
12.0,90000,1740641427.4873428,89.4,74,9.7592709999999,100.0,91.0,1740,32.763671875,142.67578125
12.0,90000,1740641428.5512433,89.52,74,9.848788999999895,100.0,89.0,1740,41.552734375,141.40625
12.0,90000,1740641429.6185286,89.422,74,9.94582300000002,100.0,92.0,1650,41.11328125,137.20703125
12.0,90000,1740641430.6943927,89.604,73,10.042578999999932,100.0,88.0,1605,54.638671875,137.79296875
17.0,115000,1740646480.3829308,92.452,76,0.0847439999997732,100.0,2.0,1680,52.05078125,152.44140625
17.0,115000,1740646481.4498627,113.395,75,0.2080789999999979,100.0,18.0,1590,48.53515625,150.9765625
17.0,115000,1740646482.5156295,113.21,76,0.3304739999998674,100.0,18.0,1590,45.654296875,150.48828125
17.0,115000,1740646483.5810194,113.279,76,0.4430909999996402,100.0,17.0,1590,46.337890625,151.025390625
17.0,115000,1740646484.6467984,113.52,76,0.5666849999997794,100.0,18.0,1590,45.654296875,150.390625
17.0,115000,1740646485.7146492,112.631,74,0.6881549999998242,98.0,32.0,2010,40.966796875,155.419921875
17.0,115000,1740646486.7949114,111.756,75,0.8104039999998349,100.0,74.0,2025,58.984375,155.810546875
17.0,115000,1740646487.8638651,111.847,75,0.9213089999998374,100.0,74.0,2040,54.78515625,157.373046875
17.0,115000,1740646488.925171,112.153,75,1.0429259999996248,100.0,75.0,2010,38.0859375,156.15234375
17.0,115000,1740646490.0017889,112.343,75,1.1644169999999576,100.0,74.0,2055,56.640625,157.8125
17.0,115000,1740646491.0720966,114.304,77,1.2775779999997212,100.0,21.0,1530,53.759765625,151.953125
17.0,115000,1740646492.1422665,114.559,78,1.4029160000000047,100.0,22.0,1545,51.220703125,152.44140625
17.0,115000,1740646493.203633,114.619,78,1.5272869999998877,100.0,22.0,1545,37.20703125,154.78515625
17.0,115000,1740646494.2740889,114.471,78,1.6398340000000644,100.0,18.0,1575,50.146484375,150.78125
17.0,115000,1740646495.3424406,114.465,78,1.7648110000000088,100.0,18.0,1560,51.416015625,151.318359375
17.0,115000,1740646496.4143696,114.066,76,1.8879549999996923,100.0,18.0,1995,47.314453125,157.32421875
17.0,115000,1740646497.488946,111.877,76,2.0103589999998803,100.0,74.0,2010,61.9140625,156.103515625
17.0,115000,1740646498.5637634,112.275,77,2.1221669999999904,100.0,73.0,2025,59.9609375,175.341796875
17.0,115000,1740646499.6401129,112.2,77,2.2433750000000146,100.0,75.0,2040,54.00390625,180.078125
17.0,115000,1740646500.6974874,112.027,77,2.365107999999964,100.0,75.0,2025,34.814453125,182.763671875
17.0,115000,1740646501.7734416,114.083,79,2.4773999999997613,100.0,18.0,1545,65.33203125,152.978515625
17.0,115000,1740646502.838831,114.218,79,2.6022039999998015,100.0,18.0,1560,54.98046875,151.85546875
17.0,115000,1740646503.908956,114.382,79,2.726259999999911,100.0,18.0,1545,59.521484375,151.416015625
17.0,115000,1740646504.981261,114.48,79,2.8514329999998154,100.0,18.0,1545,58.544921875,150.78125
17.0,115000,1740646506.0499675,114.565,80,2.9656519999998636,100.0,18.0,1545,49.462890625,152.392578125
17.0,115000,1740646507.1303225,114.618,78,3.089846999999736,100.0,18.0,1935,59.521484375,155.95703125
17.0,115000,1740646508.1992786,111.628,78,3.2129179999997177,100.0,74.0,1980,53.515625,156.54296875
17.0,115000,1740646509.2788465,112.601,78,3.334748999999647,100.0,73.0,1980,59.716796875,156.201171875
17.0,115000,1740646510.337968,112.586,78,3.4470179999998436,100.0,74.0,2010,36.474609375,157.421875
17.0,115000,1740646511.4138978,112.383,78,3.5688219999997273,100.0,73.0,1995,52.783203125,153.759765625
17.0,115000,1740646512.483634,114.55,80,3.693441999999777,100.0,22.0,1500,53.076171875,150.9765625
17.0,115000,1740646513.5538538,114.582,80,3.8077049999997143,100.0,21.0,1500,54.296875,151.708984375
17.0,115000,1740646514.6269648,114.636,80,3.9321829999998954,100.0,21.0,1515,51.07421875,151.85546875
17.0,115000,1740646515.6909194,114.706,80,4.057785999999851,100.0,22.0,1515,44.287109375,151.953125
17.0,115000,1740646516.7604964,114.381,81,4.170693999999912,100.0,0.0,1560,54.00390625,151.46484375
17.0,115000,1740646517.8296,114.936,81,4.296319999999923,100.0,18.0,1560,49.21875,151.806640625
17.0,115000,1740646518.8909924,112.247,79,4.418362999999772,100.0,74.0,2010,35.15625,158.3984375
17.0,115000,1740646519.9478953,112.838,79,4.529869999999846,100.0,73.0,1980,35.205078125,156.15234375
17.0,115000,1740646521.008808,112.643,79,4.652489999999943,100.0,74.0,1980,37.060546875,158.203125
17.0,115000,1740646522.0682096,112.573,79,4.76377199999979,100.0,73.0,1995,35.7421875,156.884765625
17.0,115000,1740646523.142213,114.178,80,4.88799999999992,100.0,19.0,1515,61.5234375,150.1953125
17.0,115000,1740646524.2119966,114.639,81,5.013479999999618,100.0,21.0,1515,54.345703125,150.048828125
17.0,115000,1740646525.2727869,114.698,81,5.137751999999637,100.0,22.0,1500,36.767578125,151.318359375
17.0,115000,1740646526.3446417,114.615,81,5.252058000000034,100.0,18.0,1500,49.658203125,150.78125
17.0,115000,1740646527.4172995,114.546,81,5.3768489999997655,100.0,18.0,1530,58.7890625,151.85546875
17.0,115000,1740646528.489354,114.573,81,5.502383999999893,100.0,18.0,1530,50.0,151.220703125
17.0,115000,1740646529.562178,112.227,80,5.61314399999992,100.0,74.0,1980,57.91015625,155.517578125
17.0,115000,1740646530.64296,112.649,80,5.73618899999974,100.0,74.0,1995,57.763671875,155.46875
17.0,115000,1740646531.7103708,112.927,79,5.85967299999993,100.0,74.0,1980,53.369140625,155.908203125
17.0,115000,1740646532.7858112,112.854,79,5.981868999999733,100.0,73.0,2010,52.83203125,156.25
17.0,115000,1740646533.8580966,114.379,81,6.095071999999618,100.0,22.0,1515,58.447265625,150.146484375
17.0,115000,1740646534.928101,114.655,81,6.2205119999998715,100.0,22.0,1515,54.443359375,151.171875
17.0,115000,1740646535.9967911,114.751,81,6.344937999999729,100.0,22.0,1515,51.46484375,150.09765625
17.0,115000,1740646537.0666857,114.624,81,6.470364999999674,100.0,21.0,1515,54.4921875,150.732421875
17.0,115000,1740646538.1336286,114.677,81,6.584911999999804,100.0,22.0,1515,48.6328125,150.1953125
17.0,115000,1740646539.2039816,114.674,81,6.7105609999998705,100.0,22.0,1515,52.685546875,151.611328125
17.0,115000,1740646540.276575,112.558,80,6.832859999999982,100.0,74.0,1995,57.470703125,152.392578125
17.0,115000,1740646541.337344,112.833,80,6.944890999999643,100.0,73.0,1950,37.353515625,157.275390625
17.0,115000,1740646542.39724,113.006,79,7.068276999999853,100.0,73.0,2010,35.302734375,158.0078125
17.0,115000,1740646543.4569778,112.966,80,7.180366999999933,100.0,74.0,1980,35.83984375,156.25
17.0,115000,1740646544.5306618,113.894,81,7.305175999999847,100.0,51.0,1545,60.15625,150.87890625
17.0,115000,1740646545.5987225,114.581,81,7.430672999999842,100.0,23.0,1515,41.9921875,150.1953125
17.0,115000,1740646546.666993,114.673,81,7.555644999999913,100.0,20.0,1515,51.07421875,152.294921875
17.0,115000,1740646547.7379622,114.744,81,7.669856999999865,100.0,22.0,1515,49.12109375,150.146484375
17.0,115000,1740646548.806138,114.765,81,7.794875999999931,100.0,22.0,1515,50.927734375,152.1484375
17.0,115000,1740646549.8742564,114.727,81,7.918983999999909,100.0,21.0,1515,46.77734375,150.146484375
17.0,115000,1740646550.945454,112.997,80,8.030966999999691,100.0,73.0,1980,55.95703125,155.37109375
17.0,115000,1740646552.0209682,112.852,80,8.152904000000035,100.0,73.0,1950,52.9296875,158.251953125
17.0,115000,1740646553.0805242,112.766,79,8.275629999999637,100.0,74.0,1965,39.453125,157.2265625
17.0,115000,1740646554.158292,112.814,80,8.386829999999918,100.0,74.0,1980,62.158203125,157.8125
17.0,115000,1740646555.2303374,112.899,80,8.50983099999985,100.0,73.0,1545,59.716796875,154.052734375
17.0,115000,1740646556.301829,114.91,81,8.636109000000033,100.0,21.0,1530,49.365234375,151.025390625
17.0,115000,1740646557.37334,114.9,82,8.76074299999982,100.0,22.0,1530,59.521484375,150.9765625
17.0,115000,1740646558.4428174,114.627,82,8.874233999999888,100.0,17.0,1515,53.173828125,150.29296875
17.0,115000,1740646559.5136118,114.588,82,8.998182999999699,100.0,17.0,1530,52.490234375,160.107421875
17.0,115000,1740646560.5840156,114.665,82,9.123010999999678,100.0,19.0,1515,55.2734375,158.349609375
17.0,115000,1740646561.6563284,113.164,80,9.23355999999967,100.0,73.0,1965,52.24609375,171.09375
17.0,115000,1740646562.7160249,113.005,80,9.35637299999962,100.0,73.0,1980,35.302734375,180.6640625
17.0,115000,1740646563.8194046,112.982,80,9.478991999999836,100.0,73.0,1950,66.845703125,156.396484375
17.0,115000,1740646564.892736,112.979,79,9.60138599999982,100.0,74.0,1995,51.123046875,157.2265625
17.0,115000,1740646565.96647,112.934,79,9.72441099999969,100.0,74.0,1965,58.447265625,152.783203125
17.0,115000,1740652708.2557929,84.031,75,0.0866970000001856,100.0,5.0,1590,53.7109375,151.025390625
17.0,115000,1740652709.3233912,114.041,76,0.2106380000000172,100.0,18.0,1590,50.09765625,150.5859375
17.0,115000,1740652710.3878615,113.364,76,0.3235090000002856,100.0,18.0,1590,39.94140625,150.68359375
17.0,115000,1740652711.4530523,113.977,76,0.448182000000088,100.0,18.0,1590,45.5078125,150.5859375
17.0,115000,1740652712.51747,113.791,77,0.5720750000000407,100.0,18.0,1590,45.068359375,150.390625
17.0,115000,1740652713.5831282,112.826,75,0.6829280000001745,98.0,32.0,1980,44.7265625,156.4453125
17.0,115000,1740652714.6583726,111.06,75,0.8053970000000845,100.0,74.0,2010,58.544921875,155.56640625
17.0,115000,1740652715.733526,112.092,75,0.9268050000000584,100.0,74.0,2010,53.515625,156.0546875
17.0,115000,1740652716.7955923,112.318,76,1.048776000000089,100.0,74.0,2040,35.44921875,156.54296875
17.0,115000,1740652717.8544357,112.322,75,1.1603390000000218,100.0,74.0,2010,37.255859375,158.056640625
17.0,115000,1740652718.9163494,110.268,76,1.2796440000001894,100.0,94.0,2040,34.814453125,142.28515625
17.0,115000,1740652719.990646,111.448,76,1.400912000000062,100.0,95.0,2010,49.70703125,142.529296875
17.0,115000,1740652721.05572,111.548,76,1.5115740000001097,100.0,98.0,2145,39.892578125,140.771484375
17.0,115000,1740652722.1217656,111.963,75,1.6327460000002247,100.0,96.0,2130,33.203125,138.76953125
17.0,115000,1740652723.1847522,111.724,75,1.755251000000044,100.0,96.0,2160,36.328125,138.720703125
17.0,115000,1740652724.2592,113.443,78,1.8687370000002377,100.0,21.0,1560,59.912109375,151.025390625
17.0,115000,1740652725.3282073,114.188,78,1.9937439999998787,100.0,22.0,1560,49.31640625,150.927734375
17.0,115000,1740652726.396636,114.164,79,2.118031999999858,100.0,21.0,1560,51.171875,151.318359375
17.0,115000,1740652727.4648705,114.144,79,2.230460000000221,100.0,21.0,1560,44.677734375,151.26953125
17.0,115000,1740652728.5332434,114.189,79,2.3550810000001547,100.0,22.0,1560,51.7578125,150.68359375
17.0,115000,1740652729.60215,114.284,79,2.4788980000002994,100.0,22.0,1545,44.140625,151.220703125
17.0,115000,1740652730.663893,110.592,77,2.5883060000001024,100.0,74.0,2010,39.2578125,156.73828125
17.0,115000,1740652731.7376049,110.966,78,2.7094190000002527,100.0,74.0,1995,59.521484375,158.203125
17.0,115000,1740652732.8126922,110.871,77,2.830731999999898,100.0,74.0,1995,54.833984375,157.568359375
17.0,115000,1740652733.8895943,110.791,78,2.9506030000002283,100.0,74.0,2010,54.736328125,158.49609375
17.0,115000,1740652734.9500456,108.073,77,3.057679999999891,100.0,95.0,2025,37.744140625,137.20703125
17.0,115000,1740652736.0221343,111.887,77,3.178928000000269,100.0,98.0,2085,51.7578125,138.037109375
17.0,115000,1740652737.0841691,112.006,77,3.3008920000002036,100.0,96.0,2160,36.9140625,139.0625
17.0,115000,1740652738.1492488,111.701,77,3.4121640000003026,100.0,96.0,2145,42.919921875,136.279296875
17.0,115000,1740652739.2141612,111.706,78,3.53339700000015,100.0,96.0,2175,32.568359375,141.845703125
17.0,115000,1740652740.2912233,113.843,80,3.657991000000038,100.0,22.0,1545,56.787109375,151.318359375
17.0,115000,1740652741.3620582,113.348,80,3.7698020000002543,100.0,18.0,1575,49.90234375,150.439453125
17.0,115000,1740652742.4307292,113.867,80,3.893852000000152,100.0,18.0,1575,52.001953125,151.318359375
17.0,115000,1740652743.4985173,113.9,80,4.017005000000154,100.0,19.0,1575,48.53515625,150.927734375
17.0,115000,1740652744.5668547,113.993,80,4.130083999999897,100.0,18.0,1575,51.318359375,151.7578125
17.0,115000,1740652745.634962,113.894,80,4.253556000000117,100.0,18.0,1575,49.90234375,150.9765625
17.0,115000,1740652746.7094398,111.262,78,4.375017000000298,100.0,73.0,1965,56.8359375,157.12890625
17.0,115000,1740652747.7852902,111.43,78,4.495409999999993,100.0,74.0,1995,61.9140625,155.6640625
17.0,115000,1740652748.8607037,111.246,79,4.605641999999989,100.0,74.0,2010,61.962890625,173.681640625
17.0,115000,1740652749.9200842,111.355,79,4.726832000000286,100.0,74.0,1980,34.716796875,167.3828125
17.0,115000,1740652750.9799533,109.987,77,4.846953000000212,91.0,80.0,1935,32.32421875,158.837890625
17.0,115000,1740652752.053234,111.862,80,4.958332000000155,100.0,95.0,2160,56.25,156.54296875
17.0,115000,1740652753.1181157,111.699,78,5.080483000000186,100.0,96.0,2220,38.134765625,166.796875
17.0,115000,1740652754.1842322,111.5,79,5.201821000000109,100.0,96.0,2190,47.119140625,145.556640625
17.0,115000,1740652755.24977,111.81,79,5.312577000000147,100.0,97.0,2190,33.59375,154.39453125
17.0,115000,1740652756.330649,112.567,80,5.435974999999871,100.0,95.0,1530,66.50390625,151.806640625
17.0,115000,1740652757.3964615,113.529,81,5.560543999999936,100.0,18.0,1575,42.626953125,151.953125
17.0,115000,1740652758.4648514,113.85,81,5.673135000000002,100.0,17.0,1575,51.66015625,150.341796875
17.0,115000,1740652759.5316198,113.95,81,5.796513000000232,100.0,18.0,1560,40.52734375,151.07421875
17.0,115000,1740652760.598744,113.87,81,5.920910000000276,100.0,18.0,1560,49.365234375,150.5859375
17.0,115000,1740652761.665379,113.888,81,6.0331970000002,100.0,18.0,1575,47.998046875,150.537109375
17.0,115000,1740652762.737076,112.225,80,6.155787000000146,100.0,73.0,1980,47.705078125,158.3984375
17.0,115000,1740652763.8116992,111.201,78,6.276752000000215,100.0,73.0,2010,62.060546875,158.154296875
17.0,115000,1740652764.8712325,111.377,79,6.398407000000134,100.0,73.0,1950,34.814453125,157.666015625
17.0,115000,1740652765.9434729,111.172,79,6.509325999999874,100.0,74.0,1980,56.787109375,151.85546875
17.0,115000,1740652767.0193477,111.399,78,6.628351000000293,100.0,73.0,2355,788.28125,7249.267578125
17.0,115000,1740652768.094767,108.79,80,6.747372000000269,100.0,94.0,2010,47.900390625,140.673828125
17.0,115000,1740652769.158506,111.796,78,6.857993999999962,100.0,94.0,2055,38.96484375,137.01171875
17.0,115000,1740652770.2229197,112.168,78,6.979135999999926,100.0,96.0,2100,38.623046875,137.451171875
17.0,115000,1740652771.3026285,111.913,78,7.101552000000083,100.0,97.0,2130,54.833984375,137.890625
17.0,115000,1740652772.3834095,111.984,78,7.22410600000012,100.0,97.0,2130,55.615234375,138.76953125
17.0,115000,1740652773.4536622,114.246,81,7.337992000000213,100.0,21.0,1545,45.361328125,151.025390625
17.0,115000,1740652774.5221376,114.403,81,7.462467000000288,100.0,21.0,1545,52.587890625,150.830078125
17.0,115000,1740652775.5907574,114.378,81,7.587704000000031,100.0,22.0,1545,42.578125,151.416015625
17.0,115000,1740652776.6585808,114.621,81,7.701093000000128,100.0,21.0,1530,50.0,151.5625
17.0,115000,1740652777.7292497,114.551,81,7.825155999999879,100.0,21.0,1515,49.4140625,150.1953125
17.0,115000,1740652778.8012342,113.514,79,7.948241999999936,99.0,38.0,1935,57.275390625,155.517578125
17.0,115000,1740652779.8751428,110.91,80,8.069805999999971,100.0,73.0,1950,50.9765625,155.908203125
17.0,115000,1740652780.9353848,111.639,80,8.180431000000226,100.0,73.0,1980,36.5234375,155.517578125
17.0,115000,1740652782.010303,111.655,79,8.301248000000214,100.0,73.0,1995,56.93359375,156.591796875
17.0,115000,1740652783.0701773,111.279,80,8.42228699999987,100.0,74.0,2010,36.083984375,157.03125
17.0,115000,1740652784.1449535,110.263,80,8.531749000000218,100.0,96.0,2160,56.689453125,142.724609375
17.0,115000,1740652785.208821,111.803,80,8.65418099999988,100.0,95.0,2010,39.013671875,138.427734375
17.0,115000,1740652786.27147,111.87,79,8.77558399999998,100.0,96.0,2100,36.865234375,137.5
17.0,115000,1740652787.3345747,111.788,78,8.886547999999948,100.0,95.0,2025,36.5234375,137.98828125
17.0,115000,1740652788.4113014,111.538,79,9.007004999999936,100.0,96.0,2070,53.857421875,137.59765625
17.0,115000,1740652789.4835143,114.13,81,9.131282000000285,100.0,21.0,1500,56.494140625,151.318359375
17.0,115000,1740652790.5536604,114.401,81,9.244717000000035,100.0,22.0,1485,54.248046875,150.68359375
17.0,115000,1740652791.624594,114.304,81,9.368350000000191,100.0,20.0,1530,52.099609375,150.390625
17.0,115000,1740652792.6953964,114.416,81,9.492929000000004,100.0,22.0,1515,54.931640625,151.3671875
17.0,115000,1740652793.7670102,114.348,81,9.61814800000002,100.0,21.0,1515,49.8046875,150.732421875
17.0,115000,1740652794.8376615,114.411,81,9.73194199999989,100.0,21.0,1515,55.17578125,151.123046875
17.0,115000,1740652795.9122622,110.976,79,9.853328000000149,100.0,73.0,1950,60.44921875,155.56640625
17.0,115000,1740652796.9888358,111.126,80,9.973535000000084,100.0,73.0,1995,58.49609375,154.8828125
17.0,115000,1740652798.0505643,111.497,79,10.083214000000224,100.0,74.0,1980,37.59765625,152.734375
17.0,115000,1740652799.1301312,111.501,79,10.204099999999926,100.0,73.0,1965,56.005859375,156.93359375
17.0,115000,1740652800.2015617,110.216,79,10.323366999999962,100.0,93.0,2100,44.580078125,142.626953125
17.0,115000,1740652801.2662425,111.777,80,10.445502999999915,100.0,95.0,1935,40.91796875,140.625
17.0,115000,1740652802.3314817,111.734,79,10.55599600000005,100.0,96.0,2100,40.0390625,139.306640625
17.0,115000,1740652803.412506,112.141,80,10.678855999999996,100.0,97.0,2115,54.8828125,137.59765625
17.0,115000,1740652804.4920783,112.003,80,10.8018390000002,100.0,95.0,2115,55.224609375,139.6484375
17.0,115000,1740652805.5684917,113.067,81,10.925564000000122,100.0,15.0,1575,54.736328125,164.208984375
17.0,115000,1740652806.6394732,114.458,81,11.038767999999893,100.0,21.0,1530,49.755859375,160.7421875
17.0,115000,1740652807.7101493,114.456,82,11.16350999999986,100.0,22.0,1515,61.376953125,151.708984375
17.0,115000,1740652808.780752,114.511,82,11.288904000000002,100.0,21.0,1515,44.189453125,164.94140625
17.0,115000,1740652809.8519535,114.418,82,11.40185900000006,100.0,21.0,1515,62.060546875,150.732421875
17.0,115000,1740652810.922152,114.479,82,11.527223000000047,100.0,21.0,1515,53.3203125,150.48828125
17.0,115000,1740652811.9960427,111.532,80,11.647913000000244,100.0,73.0,1965,59.1796875,156.640625
17.0,115000,1740652813.0561805,111.05,80,11.769184000000225,100.0,73.0,1950,35.791015625,156.640625
17.0,115000,1740652814.1159153,111.386,80,11.88024600000017,100.0,73.0,1950,35.888671875,156.396484375
17.0,115000,1740652815.195069,111.319,80,12.001753000000008,100.0,74.0,1980,60.693359375,153.02734375
17.0,115000,1740652816.264213,107.971,79,12.120253000000048,100.0,73.0,2010,49.31640625,145.80078125
17.0,115000,1740652817.342012,111.938,79,12.230556999999862,100.0,95.0,1995,54.150390625,138.37890625
17.0,115000,1740652818.4057813,112.161,79,12.352357000000213,100.0,97.0,1995,36.962890625,137.646484375
17.0,115000,1740652819.4935403,112.136,79,12.472776000000067,100.0,95.0,2055,53.466796875,137.890625
17.0,115000,1740652820.572835,111.92,78,12.5954770000003,100.0,95.0,2145,60.3515625,149.21875
17.0,115000,1740652821.6461823,111.889,78,12.706746000000294,100.0,96.0,1545,58.349609375,151.806640625
17.0,115000,1740652822.715521,114.488,82,12.831031000000166,100.0,21.0,1545,48.681640625,151.220703125
17.0,115000,1740652823.784971,114.592,82,12.955793999999967,100.0,22.0,1545,53.857421875,151.5625
17.0,115000,1740652824.8551793,114.454,82,13.079467999999906,100.0,21.0,1545,48.2421875,151.220703125
17.0,115000,1740652825.9292572,114.499,82,13.193461000000298,100.0,22.0,1530,54.98046875,151.5625
17.0,115000,1740652826.9950504,114.502,82,13.318830000000162,100.0,22.0,1530,48.583984375,151.953125
17.0,115000,1740652828.069625,112.758,80,13.44107299999996,99.0,42.0,1950,61.03515625,155.95703125
17.0,115000,1740652829.1299884,111.2,79,13.551425000000108,100.0,73.0,1950,36.572265625,158.7890625
17.0,115000,1740652830.1900263,111.22,80,13.67281099999991,100.0,73.0,1995,36.572265625,156.201171875
17.0,115000,1740652831.2502077,111.213,79,13.794264999999996,100.0,73.0,2010,36.767578125,157.91015625
17.0,115000,1740652832.3242524,111.718,79,13.905623000000103,100.0,74.0,1980,60.302734375,156.34765625
17.0,115000,1740652833.4014778,109.256,79,14.025216999999884,100.0,96.0,1995,54.19921875,138.525390625
17.0,115000,1740652834.4801922,112.155,79,14.147988000000169,100.0,95.0,2040,52.63671875,136.962890625
17.0,115000,1740652835.5584805,111.427,79,14.268252000000302,100.0,95.0,2085,52.63671875,135.009765625
17.0,115000,1740652836.6370964,111.797,78,14.3784840000003,100.0,95.0,2085,55.712890625,136.962890625
17.0,115000,1740652837.7136867,111.342,78,14.49914600000011,100.0,96.0,2070,48.486328125,138.037109375
